<?xml version="1.0" encoding="UTF-8" standalone="yes"?>
<addon id="script.keymapedit"
       name="Keymap Edit"
       version="0.0.2"
       provider-name="takoi, host505">
    <requires>
        <import addon="xbmc.python" version="2.19.0"/>
    </requires>
    <extension point="xbmc.python.script" library="main.py"/>
    <extension point="xbmc.addon.metadata">
        <summary lang="en">An editor for keymap files</summary>
        <description lang="en">Keymap Edit is a GUI for configuring mappings for remotes, keyboard and other inputs supported by xbmc. Note: existing user defined key mappings will be removed.[CR][I]This is a Keymap Editor fork. Credit goes to original creator (takoi)[/I]</description>
        <platform>all</platform>
        <language/>
        <license>GNU GENERAL PUBLIC LICENSE. Version 3, 29 June 2007</license>
        <forum/>
        <source/>
        <news>- Forked - Rebranded to Keymap Edit. Initial release
- Added some missing actions introduced in Kodi v17 and v18
- Generated .xml is now properly indented, instead of 1 line
- Rephrased some action categories
        </news>
    </extension>
</addon>
