<?xml version="1.0" encoding="UTF-8" standalone="yes"?>
<addon id="plugin.video.theoath" name="TheOath" provider-name="host505" version="1.3.4">
	<requires>
		<import addon="xbmc.python" version="2.20.0" />
		<import addon="script.theoath.artwork" />
		<import addon="script.theoath.metadata" />
		<import addon="script.module.resolveurl" />
		<import addon="script.module.requests" />
		<import addon="script.module.metahandler" />
		<import addon="script.module.beautifulsoup4" />
		<import addon="script.module.oathscrapers" />
		<import addon="script.module.lambdascrapers" />
		<import addon="script.module.orion" optional="true" />
	</requires>
	<extension library="theoath.py" point="xbmc.python.pluginsource">
		<provides>video</provides>
	</extension>
	<extension library="service.py" point="xbmc.service" start="startup" />
	<extension point="xbmc.addon.metadata">
		<reuselanguageinvoker>false</reuselanguageinvoker>
		<summary lang="en_GB">TheOath</summary>
		<description lang="en_GB">This add-on does not form part of the Kodi Media Centre. Please do not seek assistance with this add-on from any of the Official Kodi Support Channels.[CR][CR]The author does not host any of the content in this add-on and takes no responsibility for content found.</description>
		<platform>all</platform>
		<license>GNU GENERAL PUBLIC LICENSE. Version 3, 29 June 2007</license>
		<forum />
		<website />
		<source />
		<disclaimer lang="en_GB">The author of this add-on does not host any of the content which is found and has no affiliation with any of the content providers. This add-on simply searches websites for content. Use at your own risk!</disclaimer>
		<assets>
			<icon>icon.png</icon>
			<fanart>fanart.jpg</fanart>
		</assets>
		<news>
		</news>
	</extension>
</addon>