<?xml version="1.0" encoding="UTF-8" standalone="yes"?>
<addon id="repository.amazon" name="arabiflix repo" version="2.5" provider-name="arabiflix">
    <extension point="xbmc.addon.repository" name="arabiflix repo">
    <dir>
        <info compressed="false">https://raw.githubusercontent.com/arabiflix/repository.amazon/master/leia/addons.xml</info>
        <checksum>https://raw.githubusercontent.com/arabiflix/repository.amazon/master/leia/addons.xml.md5</checksum>
        <datadir zip="true">https://raw.githubusercontent.com/arabiflix/repository.amazon/master/leia</datadir>
    </dir>
    <dir>
        <info compressed="false">https://raw.githubusercontent.com/Gujal00/smrzips/master/addons.xml</info>
        <checksum>https://raw.githubusercontent.com/Gujal00/smrzips/master/addons.xml.md5</checksum>
        <datadir zip="true">https://raw.githubusercontent.com/Gujal00/smrzips/master/zips/</datadir>
    </dir>
    <dir>
        <info compressed="false">https://raw.githubusercontent.com/a4k-openproject/repository.openscrapers/master/zips/addons.xml</info>
        <checksum>https://raw.githubusercontent.com/a4k-openproject/repository.openscrapers/master/zips/addons.xml.md5</checksum>
        <datadir zip="true">https://raw.githubusercontent.com/a4k-openproject/repository.openscrapers/master/zips/</datadir>
    </dir>
    </extension>
    <extension point="xbmc.addon.metadata">
        <summary>Testing and Learning stuff</summary>
        <description>arabiflix repo</description>
        <platform>all</platform>
    </extension>
</addon>